Geographical Region,Distributor,Retailer,Month,Number of Units Sold,Revenue Generated
Mumbai,MobileX,Oneplus,1,116,18792
Mumbai,MobileX,Oneplus,2,63,10332
Mumbai,MobileX,Oneplus,3,148,20868
Mumbai,MobileX,Oneplus,4,67,13065
Mumbai,MobileX,Oneplus,5,188,20116
Mumbai,MobileX,Oneplus,6,124,23808
Mumbai,MobileX,Oneplus,7,137,17125
Mumbai,MobileX,Oneplus,8,125,14250
Mumbai,MobileX,Oneplus,9,56,11144
Mumbai,MobileX,Oneplus,10,116,22156
Mumbai,MobileX,Oneplus,11,144,20880
Mumbai,MobileX,Oneplus,12,127,12700
Mumbai,MobileX,Samsung,1,89,16910
Mumbai,MobileX,Samsung,2,114,18924
Mumbai,MobileX,Samsung,3,169,25012
Mumbai,MobileX,Samsung,4,106,13780
Mumbai,MobileX,Samsung,5,155,18755
Mumbai,MobileX,Samsung,6,102,16524
Mumbai,MobileX,Samsung,7,78,13494
Mumbai,MobileX,Samsung,8,98,18522
Mumbai,MobileX,Samsung,9,60,6480
Mumbai,MobileX,Samsung,10,59,8614
Mumbai,MobileX,Samsung,11,120,20520
Mumbai,MobileX,Samsung,12,193,28757
Mumbai,MobileX,Apple,1,102,19176
Mumbai,MobileX,Apple,2,132,17820
Mumbai,MobileX,Apple,3,166,30212
Mumbai,MobileX,Apple,4,194,33950
Mumbai,MobileX,Apple,5,124,13144
Mumbai,MobileX,Apple,6,150,25050
Mumbai,MobileX,Apple,7,158,21330
Mumbai,MobileX,Apple,8,54,10044
Mumbai,MobileX,Apple,9,67,12596
Mumbai,MobileX,Apple,10,178,30794
Mumbai,MobileX,Apple,11,54,8208
Mumbai,MobileX,Apple,12,120,15240
Mumbai,MobileX,Redmi,1,77,13706
Mumbai,MobileX,Redmi,2,147,23226
Mumbai,MobileX,Redmi,3,157,30929
Mumbai,MobileX,Redmi,4,80,11120
Mumbai,MobileX,Redmi,5,119,12971
Mumbai,MobileX,Redmi,6,78,12558
Mumbai,MobileX,Redmi,7,52,8476
Mumbai,MobileX,Redmi,8,198,30096
Mumbai,MobileX,Redmi,9,116,18444
Mumbai,MobileX,Redmi,10,136,20536
Mumbai,MobileX,Redmi,11,106,15794
Mumbai,MobileX,Redmi,12,107,21293
Mumbai,MobileX,Oppo,1,120,23280
Mumbai,MobileX,Oppo,2,62,6882
Mumbai,MobileX,Oppo,3,70,12180
Mumbai,MobileX,Oppo,4,104,20384
Mumbai,MobileX,Oppo,5,154,15862
Mumbai,MobileX,Oppo,6,175,33950
Mumbai,MobileX,Oppo,7,102,13668
Mumbai,MobileX,Oppo,8,107,15943
Mumbai,MobileX,Oppo,9,128,19712
Mumbai,MobileX,Oppo,10,92,13524
Mumbai,MobileX,Oppo,11,176,24816
Mumbai,MobileX,Oppo,12,165,31845
Mumbai,Mobite,Oneplus,1,164,16892
Mumbai,Mobite,Oneplus,2,97,15326
Mumbai,Mobite,Oneplus,3,142,20590
Mumbai,Mobite,Oneplus,4,75,8700
Mumbai,Mobite,Oneplus,5,57,7011
Mumbai,Mobite,Oneplus,6,177,33630
Mumbai,Mobite,Oneplus,7,91,9282
Mumbai,Mobite,Oneplus,8,154,30338
Mumbai,Mobite,Oneplus,9,182,29120
Mumbai,Mobite,Oneplus,10,199,21094
Mumbai,Mobite,Oneplus,11,121,21175
Mumbai,Mobite,Oneplus,12,131,25152
Mumbai,Mobite,Samsung,1,115,14490
Mumbai,Mobite,Samsung,2,97,13483
Mumbai,Mobite,Samsung,3,183,30927
Mumbai,Mobite,Samsung,4,140,16520
Mumbai,Mobite,Samsung,5,128,15232
Mumbai,Mobite,Samsung,6,126,13608
Mumbai,Mobite,Samsung,7,196,38808
Mumbai,Mobite,Samsung,8,178,26700
Mumbai,Mobite,Samsung,9,77,10010
Mumbai,Mobite,Samsung,10,152,29488
Mumbai,Mobite,Samsung,11,77,11473
Mumbai,Mobite,Samsung,12,69,8901
Mumbai,Mobite,Apple,1,119,21658
Mumbai,Mobite,Apple,2,73,12556
Mumbai,Mobite,Apple,3,131,24890
Mumbai,Mobite,Apple,4,196,34692
Mumbai,Mobite,Apple,5,176,33616
Mumbai,Mobite,Apple,6,182,25298
Mumbai,Mobite,Apple,7,60,10440
Mumbai,Mobite,Apple,8,192,33408
Mumbai,Mobite,Apple,9,170,19550
Mumbai,Mobite,Apple,10,93,11532
Mumbai,Mobite,Apple,11,116,18444
Mumbai,Mobite,Apple,12,143,27885
Mumbai,Mobite,Redmi,1,180,29700
Mumbai,Mobite,Redmi,2,121,23353
Mumbai,Mobite,Redmi,3,88,13816
Mumbai,Mobite,Redmi,4,84,9576
Mumbai,Mobite,Redmi,5,182,20748
Mumbai,Mobite,Redmi,6,141,24534
Mumbai,Mobite,Redmi,7,146,17958
Mumbai,Mobite,Redmi,8,161,22057
Mumbai,Mobite,Redmi,9,108,11664
Mumbai,Mobite,Redmi,10,199,38009
Mumbai,Mobite,Redmi,11,115,15180
Mumbai,Mobite,Redmi,12,119,13209
Mumbai,Mobite,Oppo,1,105,19425
Mumbai,Mobite,Oppo,2,108,14364
Mumbai,Mobite,Oppo,3,172,21672
Mumbai,Mobite,Oppo,4,155,17670
Mumbai,Mobite,Oppo,5,188,35344
Mumbai,Mobite,Oppo,6,173,20414
Mumbai,Mobite,Oppo,7,184,31096
Mumbai,Mobite,Oppo,8,155,20770
Mumbai,Mobite,Oppo,9,76,14896
Mumbai,Mobite,Oppo,10,56,8624
Mumbai,Mobite,Oppo,11,186,23622
Mumbai,Mobite,Oppo,12,52,8944
Mumbai,MobilePlanet,Oneplus,1,128,22016
Mumbai,MobilePlanet,Oneplus,2,60,8220
Mumbai,MobilePlanet,Oneplus,3,102,18972
Mumbai,MobilePlanet,Oneplus,4,63,12159
Mumbai,MobilePlanet,Oneplus,5,55,6215
Mumbai,MobilePlanet,Oneplus,6,112,20160
Mumbai,MobilePlanet,Oneplus,7,198,27918
Mumbai,MobilePlanet,Oneplus,8,75,12600
Mumbai,MobilePlanet,Oneplus,9,135,22275
Mumbai,MobilePlanet,Oneplus,10,187,18700
Mumbai,MobilePlanet,Oneplus,11,148,28416
Mumbai,MobilePlanet,Oneplus,12,93,10416
Mumbai,MobilePlanet,Samsung,1,124,21452
Mumbai,MobilePlanet,Samsung,2,155,17825
Mumbai,MobilePlanet,Samsung,3,176,23760
Mumbai,MobilePlanet,Samsung,4,116,14500
Mumbai,MobilePlanet,Samsung,5,159,21783
Mumbai,MobilePlanet,Samsung,6,64,12544
Mumbai,MobilePlanet,Samsung,7,159,17967
Mumbai,MobilePlanet,Samsung,8,133,25004
Mumbai,MobilePlanet,Samsung,9,115,16445
Mumbai,MobilePlanet,Samsung,10,188,21432
Mumbai,MobilePlanet,Samsung,11,148,26788
Mumbai,MobilePlanet,Samsung,12,121,14278
Mumbai,MobilePlanet,Apple,1,153,22797
Mumbai,MobilePlanet,Apple,2,193,26441
Mumbai,MobilePlanet,Apple,3,129,25026
Mumbai,MobilePlanet,Apple,4,95,18050
Mumbai,MobilePlanet,Apple,5,103,17098
Mumbai,MobilePlanet,Apple,6,100,11600
Mumbai,MobilePlanet,Apple,7,162,26892
Mumbai,MobilePlanet,Apple,8,90,15300
Mumbai,MobilePlanet,Apple,9,102,13770
Mumbai,MobilePlanet,Apple,10,134,16348
Mumbai,MobilePlanet,Apple,11,184,25208
Mumbai,MobilePlanet,Apple,12,171,32319
Mumbai,MobilePlanet,Redmi,1,60,10320
Mumbai,MobilePlanet,Redmi,2,144,23040
Mumbai,MobilePlanet,Redmi,3,53,9434
Mumbai,MobilePlanet,Redmi,4,173,24220
Mumbai,MobilePlanet,Redmi,5,152,18848
Mumbai,MobilePlanet,Redmi,6,118,18172
Mumbai,MobilePlanet,Redmi,7,184,26864
Mumbai,MobilePlanet,Redmi,8,145,15370
Mumbai,MobilePlanet,Redmi,9,57,9690
Mumbai,MobilePlanet,Redmi,10,85,14960
Mumbai,MobilePlanet,Redmi,11,139,16958
Mumbai,MobilePlanet,Redmi,12,73,9563
Mumbai,MobilePlanet,Oppo,1,182,22932
Mumbai,MobilePlanet,Oppo,2,139,18209
Mumbai,MobilePlanet,Oppo,3,114,19038
Mumbai,MobilePlanet,Oppo,4,124,13268
Mumbai,MobilePlanet,Oppo,5,68,12444
Mumbai,MobilePlanet,Oppo,6,79,10586
Mumbai,MobilePlanet,Oppo,7,182,19292
Mumbai,MobilePlanet,Oppo,8,57,7068
Mumbai,MobilePlanet,Oppo,9,135,23625
Mumbai,MobilePlanet,Oppo,10,77,10626
Mumbai,MobilePlanet,Oppo,11,165,23265
Mumbai,MobilePlanet,Oppo,12,135,25650
Mumbai,MobileGarage,Oneplus,1,161,22540
Mumbai,MobileGarage,Oneplus,2,187,23001
Mumbai,MobileGarage,Oneplus,3,52,10244
Mumbai,MobileGarage,Oneplus,4,67,7035
Mumbai,MobileGarage,Oneplus,5,71,9798
Mumbai,MobileGarage,Oneplus,6,105,10605
Mumbai,MobileGarage,Oneplus,7,92,18308
Mumbai,MobileGarage,Oneplus,8,137,20413
Mumbai,MobileGarage,Oneplus,9,111,17649
Mumbai,MobileGarage,Oneplus,10,97,9991
Mumbai,MobileGarage,Oneplus,11,70,10570
Mumbai,MobileGarage,Oneplus,12,56,9464
Mumbai,MobileGarage,Samsung,1,172,19436
Mumbai,MobileGarage,Samsung,2,83,12865
Mumbai,MobileGarage,Samsung,3,138,25254
Mumbai,MobileGarage,Samsung,4,122,13176
Mumbai,MobileGarage,Samsung,5,71,9727
Mumbai,MobileGarage,Samsung,6,68,10676
Mumbai,MobileGarage,Samsung,7,177,18231
Mumbai,MobileGarage,Samsung,8,63,6867
Mumbai,MobileGarage,Samsung,9,133,17689
Mumbai,MobileGarage,Samsung,10,193,29722
Mumbai,MobileGarage,Samsung,11,94,15228
Mumbai,MobileGarage,Samsung,12,136,15368
Mumbai,MobileGarage,Apple,1,150,22350
Mumbai,MobileGarage,Apple,2,95,13585
Mumbai,MobileGarage,Apple,3,174,18966
Mumbai,MobileGarage,Apple,4,132,14256
Mumbai,MobileGarage,Apple,5,69,9315
Mumbai,MobileGarage,Apple,6,65,6500
Mumbai,MobileGarage,Apple,7,151,16157
Mumbai,MobileGarage,Apple,8,186,22878
Mumbai,MobileGarage,Apple,9,153,19125
Mumbai,MobileGarage,Apple,10,191,20819
Mumbai,MobileGarage,Apple,11,129,16899
Mumbai,MobileGarage,Apple,12,124,16368
Mumbai,MobileGarage,Redmi,1,177,35046
Mumbai,MobileGarage,Redmi,2,120,22200
Mumbai,MobileGarage,Redmi,3,55,7535
Mumbai,MobileGarage,Redmi,4,117,17550
Mumbai,MobileGarage,Redmi,5,53,5512
Mumbai,MobileGarage,Redmi,6,50,8600
Mumbai,MobileGarage,Redmi,7,122,15372
Mumbai,MobileGarage,Redmi,8,157,20410
Mumbai,MobileGarage,Redmi,9,167,18871
Mumbai,MobileGarage,Redmi,10,184,28704
Mumbai,MobileGarage,Redmi,11,73,12045
Mumbai,MobileGarage,Redmi,12,58,6496
Mumbai,MobileGarage,Oppo,1,126,16632
Mumbai,MobileGarage,Oppo,2,104,19552
Mumbai,MobileGarage,Oppo,3,120,20040
Mumbai,MobileGarage,Oppo,4,74,9472
Mumbai,MobileGarage,Oppo,5,192,20544
Mumbai,MobileGarage,Oppo,6,54,10476
Mumbai,MobileGarage,Oppo,7,94,14288
Mumbai,MobileGarage,Oppo,8,151,27029
Mumbai,MobileGarage,Oppo,9,95,11590
Mumbai,MobileGarage,Oppo,10,187,33286
Mumbai,MobileGarage,Oppo,11,109,19075
Mumbai,MobileGarage,Oppo,12,165,28545
Delhi,MobileX,Oneplus,1,137,13837
Delhi,MobileX,Oneplus,2,147,14847
Delhi,MobileX,Oneplus,3,121,23474
Delhi,MobileX,Oneplus,4,63,10773
Delhi,MobileX,Oneplus,5,138,23046
Delhi,MobileX,Oneplus,6,69,13731
Delhi,MobileX,Oneplus,7,162,28026
Delhi,MobileX,Oneplus,8,193,26634
Delhi,MobileX,Oneplus,9,151,29143
Delhi,MobileX,Oneplus,10,134,19430
Delhi,MobileX,Oneplus,11,68,13056
Delhi,MobileX,Oneplus,12,64,11264
Delhi,MobileX,Samsung,1,142,16472
Delhi,MobileX,Samsung,2,110,19470
Delhi,MobileX,Samsung,3,159,27666
Delhi,MobileX,Samsung,4,192,19392
Delhi,MobileX,Samsung,5,54,9990
Delhi,MobileX,Samsung,6,107,14552
Delhi,MobileX,Samsung,7,107,17548
Delhi,MobileX,Samsung,8,81,8505
Delhi,MobileX,Samsung,9,131,14672
Delhi,MobileX,Samsung,10,125,24875
Delhi,MobileX,Samsung,11,80,10080
Delhi,MobileX,Samsung,12,198,27918
Delhi,MobileX,Apple,1,171,26334
Delhi,MobileX,Apple,2,173,29756
Delhi,MobileX,Apple,3,83,10375
Delhi,MobileX,Apple,4,189,35343
Delhi,MobileX,Apple,5,121,14278
Delhi,MobileX,Apple,6,93,11718
Delhi,MobileX,Apple,7,199,36019
Delhi,MobileX,Apple,8,80,11520
Delhi,MobileX,Apple,9,114,16302
Delhi,MobileX,Apple,10,130,23530
Delhi,MobileX,Apple,11,110,11330
Delhi,MobileX,Apple,12,74,12876
Delhi,MobileX,Redmi,1,193,23932
Delhi,MobileX,Redmi,2,189,37233
Delhi,MobileX,Redmi,3,154,20020
Delhi,MobileX,Redmi,4,133,19551
Delhi,MobileX,Redmi,5,110,18810
Delhi,MobileX,Redmi,6,141,14523
Delhi,MobileX,Redmi,7,198,28512
Delhi,MobileX,Redmi,8,76,12844
Delhi,MobileX,Redmi,9,175,20825
Delhi,MobileX,Redmi,10,99,19404
Delhi,MobileX,Redmi,11,56,8176
Delhi,MobileX,Redmi,12,165,23265
Delhi,MobileX,Oppo,1,50,9900
Delhi,MobileX,Oppo,2,58,7308
Delhi,MobileX,Oppo,3,147,24990
Delhi,MobileX,Oppo,4,78,12792
Delhi,MobileX,Oppo,5,127,22479
Delhi,MobileX,Oppo,6,194,37054
Delhi,MobileX,Oppo,7,72,7992
Delhi,MobileX,Oppo,8,108,18036
Delhi,MobileX,Oppo,9,134,26264
Delhi,MobileX,Oppo,10,135,22950
Delhi,MobileX,Oppo,11,81,9477
Delhi,MobileX,Oppo,12,166,29714
Delhi,Mobite,Oneplus,1,57,11343
Delhi,Mobite,Oneplus,2,111,14097
Delhi,Mobite,Oneplus,3,120,20520
Delhi,Mobite,Oneplus,4,162,28512
Delhi,Mobite,Oneplus,5,157,17584
Delhi,Mobite,Oneplus,6,117,13455
Delhi,Mobite,Oneplus,7,157,21352
Delhi,Mobite,Oneplus,8,182,31850
Delhi,Mobite,Oneplus,9,150,19650
Delhi,Mobite,Oneplus,10,64,7680
Delhi,Mobite,Oneplus,11,188,36660
Delhi,Mobite,Oneplus,12,118,17464
Delhi,Mobite,Samsung,1,185,29970
Delhi,Mobite,Samsung,2,172,21844
Delhi,Mobite,Samsung,3,146,23068
Delhi,Mobite,Samsung,4,140,22260
Delhi,Mobite,Samsung,5,77,14399
Delhi,Mobite,Samsung,6,175,31150
Delhi,Mobite,Samsung,7,191,31324
Delhi,Mobite,Samsung,8,63,8190
Delhi,Mobite,Samsung,9,112,11872
Delhi,Mobite,Samsung,10,179,23091
Delhi,Mobite,Samsung,11,176,23232
Delhi,Mobite,Samsung,12,57,6783
Delhi,Mobite,Apple,1,171,27018
Delhi,Mobite,Apple,2,76,7600
Delhi,Mobite,Apple,3,106,16748
Delhi,Mobite,Apple,4,145,15225
Delhi,Mobite,Apple,5,179,31504
Delhi,Mobite,Apple,6,101,14342
Delhi,Mobite,Apple,7,189,31752
Delhi,Mobite,Apple,8,156,26208
Delhi,Mobite,Apple,9,181,25702
Delhi,Mobite,Apple,10,110,19470
Delhi,Mobite,Apple,11,106,11130
Delhi,Mobite,Apple,12,65,9750
Delhi,Mobite,Redmi,1,101,16867
Delhi,Mobite,Redmi,2,108,11772
Delhi,Mobite,Redmi,3,83,9877
Delhi,Mobite,Redmi,4,76,10412
Delhi,Mobite,Redmi,5,74,9916
Delhi,Mobite,Redmi,6,173,23528
Delhi,Mobite,Redmi,7,184,36432
Delhi,Mobite,Redmi,8,165,31020
Delhi,Mobite,Redmi,9,164,20336
Delhi,Mobite,Redmi,10,175,28700
Delhi,Mobite,Redmi,11,116,20300
Delhi,Mobite,Redmi,12,111,12876
Delhi,Mobite,Oppo,1,51,9588
Delhi,Mobite,Oppo,2,161,20125
Delhi,Mobite,Oppo,3,57,8835
Delhi,Mobite,Oppo,4,187,27302
Delhi,Mobite,Oppo,5,153,29070
Delhi,Mobite,Oppo,6,53,5671
Delhi,Mobite,Oppo,7,155,24025
Delhi,Mobite,Oppo,8,171,20862
Delhi,Mobite,Oppo,9,68,7820
Delhi,Mobite,Oppo,10,186,20088
Delhi,Mobite,Oppo,11,165,19140
Delhi,Mobite,Oppo,12,150,29400
Delhi,MobilePlanet,Oneplus,1,172,25456
Delhi,MobilePlanet,Oneplus,2,58,6264
Delhi,MobilePlanet,Oneplus,3,192,33984
Delhi,MobilePlanet,Oneplus,4,141,14241
Delhi,MobilePlanet,Oneplus,5,50,6750
Delhi,MobilePlanet,Oneplus,6,172,27520
Delhi,MobilePlanet,Oneplus,7,179,22375
Delhi,MobilePlanet,Oneplus,8,180,27000
Delhi,MobilePlanet,Oneplus,9,130,24180
Delhi,MobilePlanet,Oneplus,10,120,17760
Delhi,MobilePlanet,Oneplus,11,128,14336
Delhi,MobilePlanet,Oneplus,12,93,9486
Delhi,MobilePlanet,Samsung,1,97,12222
Delhi,MobilePlanet,Samsung,2,156,20124
Delhi,MobilePlanet,Samsung,3,148,18944
Delhi,MobilePlanet,Samsung,4,132,17952
Delhi,MobilePlanet,Samsung,5,117,17667
Delhi,MobilePlanet,Samsung,6,104,18304
Delhi,MobilePlanet,Samsung,7,87,14703
Delhi,MobilePlanet,Samsung,8,128,19584
Delhi,MobilePlanet,Samsung,9,189,19089
Delhi,MobilePlanet,Samsung,10,82,16154
Delhi,MobilePlanet,Samsung,11,100,11800
Delhi,MobilePlanet,Samsung,12,188,26508
Delhi,MobilePlanet,Apple,1,89,10947
Delhi,MobilePlanet,Apple,2,80,10240
Delhi,MobilePlanet,Apple,3,144,26064
Delhi,MobilePlanet,Apple,4,184,29808
Delhi,MobilePlanet,Apple,5,56,10640
Delhi,MobilePlanet,Apple,6,115,15180
Delhi,MobilePlanet,Apple,7,92,12052
Delhi,MobilePlanet,Apple,8,188,24628
Delhi,MobilePlanet,Apple,9,172,27348
Delhi,MobilePlanet,Apple,10,179,17900
Delhi,MobilePlanet,Apple,11,198,28314
Delhi,MobilePlanet,Apple,12,169,23660
Delhi,MobilePlanet,Redmi,1,189,26460
Delhi,MobilePlanet,Redmi,2,105,13230
Delhi,MobilePlanet,Redmi,3,84,11424
Delhi,MobilePlanet,Redmi,4,135,14445
Delhi,MobilePlanet,Redmi,5,148,28268
Delhi,MobilePlanet,Redmi,6,66,12540
Delhi,MobilePlanet,Redmi,7,140,18480
Delhi,MobilePlanet,Redmi,8,135,14445
Delhi,MobilePlanet,Redmi,9,84,15036
Delhi,MobilePlanet,Redmi,10,114,18468
Delhi,MobilePlanet,Redmi,11,93,10788
Delhi,MobilePlanet,Redmi,12,52,9568
Delhi,MobilePlanet,Oppo,1,167,19706
Delhi,MobilePlanet,Oppo,2,102,18666
Delhi,MobilePlanet,Oppo,3,122,14030
Delhi,MobilePlanet,Oppo,4,62,9548
Delhi,MobilePlanet,Oppo,5,172,33024
Delhi,MobilePlanet,Oppo,6,87,13224
Delhi,MobilePlanet,Oppo,7,55,8965
Delhi,MobilePlanet,Oppo,8,159,27348
Delhi,MobilePlanet,Oppo,9,110,11220
Delhi,MobilePlanet,Oppo,10,109,16568
Delhi,MobilePlanet,Oppo,11,119,16422
Delhi,MobilePlanet,Oppo,12,167,19873
Delhi,MobileGarage,Oneplus,1,160,29120
Delhi,MobileGarage,Oneplus,2,89,13795
Delhi,MobileGarage,Oneplus,3,134,23718
Delhi,MobileGarage,Oneplus,4,186,35712
Delhi,MobileGarage,Oneplus,5,122,17812
Delhi,MobileGarage,Oneplus,6,136,21896
Delhi,MobileGarage,Oneplus,7,172,19952
Delhi,MobileGarage,Oneplus,8,113,16837
Delhi,MobileGarage,Oneplus,9,100,11500
Delhi,MobileGarage,Oneplus,10,73,10439
Delhi,MobileGarage,Oneplus,11,189,23436
Delhi,MobileGarage,Oneplus,12,130,20280
Delhi,MobileGarage,Samsung,1,99,9999
Delhi,MobileGarage,Samsung,2,102,19380
Delhi,MobileGarage,Samsung,3,198,31284
Delhi,MobileGarage,Samsung,4,72,9936
Delhi,MobileGarage,Samsung,5,52,6240
Delhi,MobileGarage,Samsung,6,102,16320
Delhi,MobileGarage,Samsung,7,114,14820
Delhi,MobileGarage,Samsung,8,153,27234
Delhi,MobileGarage,Samsung,9,89,16910
Delhi,MobileGarage,Samsung,10,159,21942
Delhi,MobileGarage,Samsung,11,178,30438
Delhi,MobileGarage,Samsung,12,101,15554
Delhi,MobileGarage,Apple,1,77,12012
Delhi,MobileGarage,Apple,2,87,9918
Delhi,MobileGarage,Apple,3,102,14892
Delhi,MobileGarage,Apple,4,91,17563
Delhi,MobileGarage,Apple,5,128,22016
Delhi,MobileGarage,Apple,6,128,22912
Delhi,MobileGarage,Apple,7,106,17808
Delhi,MobileGarage,Apple,8,194,34144
Delhi,MobileGarage,Apple,9,59,6726
Delhi,MobileGarage,Apple,10,133,25137
Delhi,MobileGarage,Apple,11,99,10395
Delhi,MobileGarage,Apple,12,124,23808
Delhi,MobileGarage,Redmi,1,91,14742
Delhi,MobileGarage,Redmi,2,54,9126
Delhi,MobileGarage,Redmi,3,73,13359
Delhi,MobileGarage,Redmi,4,98,18914
Delhi,MobileGarage,Redmi,5,120,13200
Delhi,MobileGarage,Redmi,6,110,17050
Delhi,MobileGarage,Redmi,7,103,15141
Delhi,MobileGarage,Redmi,8,127,20320
Delhi,MobileGarage,Redmi,9,87,15312
Delhi,MobileGarage,Redmi,10,199,22089
Delhi,MobileGarage,Redmi,11,130,19760
Delhi,MobileGarage,Redmi,12,174,29754
Delhi,MobileGarage,Oppo,1,195,20670
Delhi,MobileGarage,Oppo,2,79,8295
Delhi,MobileGarage,Oppo,3,52,6968
Delhi,MobileGarage,Oppo,4,96,16896
Delhi,MobileGarage,Oppo,5,54,9774
Delhi,MobileGarage,Oppo,6,112,19376
Delhi,MobileGarage,Oppo,7,77,8701
Delhi,MobileGarage,Oppo,8,169,27716
Delhi,MobileGarage,Oppo,9,137,18906
Delhi,MobileGarage,Oppo,10,117,16614
Delhi,MobileGarage,Oppo,11,148,28268
Delhi,MobileGarage,Oppo,12,67,10452
Kolkata,MobileX,Oneplus,1,189,20790
Kolkata,MobileX,Oneplus,2,86,13072
Kolkata,MobileX,Oneplus,3,55,10340
Kolkata,MobileX,Oneplus,4,196,30576
Kolkata,MobileX,Oneplus,5,115,15870
Kolkata,MobileX,Oneplus,6,199,33034
Kolkata,MobileX,Oneplus,7,130,16380
Kolkata,MobileX,Oneplus,8,105,17640
Kolkata,MobileX,Oneplus,9,169,30420
Kolkata,MobileX,Oneplus,10,99,13167
Kolkata,MobileX,Oneplus,11,144,23472
Kolkata,MobileX,Oneplus,12,149,19370
Kolkata,MobileX,Samsung,1,186,26040
Kolkata,MobileX,Samsung,2,85,11305
Kolkata,MobileX,Samsung,3,92,16468
Kolkata,MobileX,Samsung,4,149,27267
Kolkata,MobileX,Samsung,5,115,19205
Kolkata,MobileX,Samsung,6,197,33687
Kolkata,MobileX,Samsung,7,151,25217
Kolkata,MobileX,Samsung,8,52,7904
Kolkata,MobileX,Samsung,9,156,25428
Kolkata,MobileX,Samsung,10,99,15048
Kolkata,MobileX,Samsung,11,62,10540
Kolkata,MobileX,Samsung,12,86,12728
Kolkata,MobileX,Apple,1,70,9660
Kolkata,MobileX,Apple,2,117,20943
Kolkata,MobileX,Apple,3,62,11098
Kolkata,MobileX,Apple,4,138,21528
Kolkata,MobileX,Apple,5,51,5304
Kolkata,MobileX,Apple,6,155,22630
Kolkata,MobileX,Apple,7,173,34254
Kolkata,MobileX,Apple,8,165,22605
Kolkata,MobileX,Apple,9,96,13824
Kolkata,MobileX,Apple,10,117,22347
Kolkata,MobileX,Apple,11,50,5250
Kolkata,MobileX,Apple,12,148,26344
Kolkata,MobileX,Redmi,1,171,20691
Kolkata,MobileX,Redmi,2,180,29880
Kolkata,MobileX,Redmi,3,127,22860
Kolkata,MobileX,Redmi,4,132,21252
Kolkata,MobileX,Redmi,5,160,27360
Kolkata,MobileX,Redmi,6,112,16912
Kolkata,MobileX,Redmi,7,129,23349
Kolkata,MobileX,Redmi,8,194,26190
Kolkata,MobileX,Redmi,9,66,7656
Kolkata,MobileX,Redmi,10,67,9983
Kolkata,MobileX,Redmi,11,59,8378
Kolkata,MobileX,Redmi,12,110,18920
Kolkata,MobileX,Oppo,1,133,23275
Kolkata,MobileX,Oppo,2,167,17368
Kolkata,MobileX,Oppo,3,145,18125
Kolkata,MobileX,Oppo,4,117,12168
Kolkata,MobileX,Oppo,5,153,19737
Kolkata,MobileX,Oppo,6,63,8316
Kolkata,MobileX,Oppo,7,173,25777
Kolkata,MobileX,Oppo,8,115,17365
Kolkata,MobileX,Oppo,9,68,12512
Kolkata,MobileX,Oppo,10,111,16983
Kolkata,MobileX,Oppo,11,62,8432
Kolkata,MobileX,Oppo,12,55,10780
Kolkata,Mobite,Oneplus,1,109,15369
Kolkata,Mobite,Oneplus,2,186,26040
Kolkata,Mobite,Oneplus,3,131,24104
Kolkata,Mobite,Oneplus,4,69,8694
Kolkata,Mobite,Oneplus,5,98,15288
Kolkata,Mobite,Oneplus,6,101,15150
Kolkata,Mobite,Oneplus,7,125,18875
Kolkata,Mobite,Oneplus,8,89,11303
Kolkata,Mobite,Oneplus,9,121,22022
Kolkata,Mobite,Oneplus,10,111,17649
Kolkata,Mobite,Oneplus,11,151,22197
Kolkata,Mobite,Oneplus,12,191,26167
Kolkata,Mobite,Samsung,1,113,22148
Kolkata,Mobite,Samsung,2,56,8736
Kolkata,Mobite,Samsung,3,148,21016
Kolkata,Mobite,Samsung,4,150,18000
Kolkata,Mobite,Samsung,5,76,9348
Kolkata,Mobite,Samsung,6,137,22194
Kolkata,Mobite,Samsung,7,172,25800
Kolkata,Mobite,Samsung,8,110,12540
Kolkata,Mobite,Samsung,9,55,6545
Kolkata,Mobite,Samsung,10,91,12012
Kolkata,Mobite,Samsung,11,148,20424
Kolkata,Mobite,Samsung,12,139,27522
Kolkata,Mobite,Apple,1,167,28390
Kolkata,Mobite,Apple,2,118,21948
Kolkata,Mobite,Apple,3,77,9394
Kolkata,Mobite,Apple,4,83,10458
Kolkata,Mobite,Apple,5,72,14040
Kolkata,Mobite,Apple,6,76,8892
Kolkata,Mobite,Apple,7,185,23495
Kolkata,Mobite,Apple,8,158,17854
Kolkata,Mobite,Apple,9,152,23408
Kolkata,Mobite,Apple,10,126,17892
Kolkata,Mobite,Apple,11,167,30728
Kolkata,Mobite,Apple,12,76,8740
Kolkata,Mobite,Redmi,1,199,27860
Kolkata,Mobite,Redmi,2,192,27456
Kolkata,Mobite,Redmi,3,174,34626
Kolkata,Mobite,Redmi,4,129,14964
Kolkata,Mobite,Redmi,5,71,13277
Kolkata,Mobite,Redmi,6,183,28182
Kolkata,Mobite,Redmi,7,197,23049
Kolkata,Mobite,Redmi,8,121,14883
Kolkata,Mobite,Redmi,9,181,23530
Kolkata,Mobite,Redmi,10,189,24948
Kolkata,Mobite,Redmi,11,59,11210
Kolkata,Mobite,Redmi,12,72,10008
Kolkata,Mobite,Oppo,1,116,13920
Kolkata,Mobite,Oppo,2,65,8840
Kolkata,Mobite,Oppo,3,184,18952
Kolkata,Mobite,Oppo,4,173,28545
Kolkata,Mobite,Oppo,5,114,13908
Kolkata,Mobite,Oppo,6,87,16878
Kolkata,Mobite,Oppo,7,78,13728
Kolkata,Mobite,Oppo,8,128,16768
Kolkata,Mobite,Oppo,9,92,15824
Kolkata,Mobite,Oppo,10,84,10080
Kolkata,Mobite,Oppo,11,91,16744
Kolkata,Mobite,Oppo,12,126,22176
Kolkata,MobilePlanet,Oneplus,1,50,6000
Kolkata,MobilePlanet,Oneplus,2,147,16170
Kolkata,MobilePlanet,Oneplus,3,141,28059
Kolkata,MobilePlanet,Oneplus,4,197,27974
Kolkata,MobilePlanet,Oneplus,5,106,18232
Kolkata,MobilePlanet,Oneplus,6,128,25216
Kolkata,MobilePlanet,Oneplus,7,185,28860
Kolkata,MobilePlanet,Oneplus,8,131,18995
Kolkata,MobilePlanet,Oneplus,9,68,12308
Kolkata,MobilePlanet,Oneplus,10,88,9416
Kolkata,MobilePlanet,Oneplus,11,163,27058
Kolkata,MobilePlanet,Oneplus,12,123,20910
Kolkata,MobilePlanet,Samsung,1,161,28336
Kolkata,MobilePlanet,Samsung,2,136,24616
Kolkata,MobilePlanet,Samsung,3,171,18981
Kolkata,MobilePlanet,Samsung,4,142,25276
Kolkata,MobilePlanet,Samsung,5,148,24716
Kolkata,MobilePlanet,Samsung,6,119,13923
Kolkata,MobilePlanet,Samsung,7,181,20091
Kolkata,MobilePlanet,Samsung,8,82,9348
Kolkata,MobilePlanet,Samsung,9,112,12320
Kolkata,MobilePlanet,Samsung,10,80,14320
Kolkata,MobilePlanet,Samsung,11,153,22797
Kolkata,MobilePlanet,Samsung,12,178,23674
Kolkata,MobilePlanet,Apple,1,102,15810
Kolkata,MobilePlanet,Apple,2,92,13432
Kolkata,MobilePlanet,Apple,3,147,15582
Kolkata,MobilePlanet,Apple,4,51,6120
Kolkata,MobilePlanet,Apple,5,99,12474
Kolkata,MobilePlanet,Apple,6,56,6328
Kolkata,MobilePlanet,Apple,7,123,16728
Kolkata,MobilePlanet,Apple,8,133,14098
Kolkata,MobilePlanet,Apple,9,126,14994
Kolkata,MobilePlanet,Apple,10,185,34965
Kolkata,MobilePlanet,Apple,11,180,24120
Kolkata,MobilePlanet,Apple,12,152,20216
Kolkata,MobilePlanet,Redmi,1,164,19844
Kolkata,MobilePlanet,Redmi,2,197,24428
Kolkata,MobilePlanet,Redmi,3,162,20898
Kolkata,MobilePlanet,Redmi,4,140,19460
Kolkata,MobilePlanet,Redmi,5,94,13724
Kolkata,MobilePlanet,Redmi,6,87,11658
Kolkata,MobilePlanet,Redmi,7,74,13468
Kolkata,MobilePlanet,Redmi,8,69,13248
Kolkata,MobilePlanet,Redmi,9,146,20732
Kolkata,MobilePlanet,Redmi,10,149,22648
Kolkata,MobilePlanet,Redmi,11,67,9179
Kolkata,MobilePlanet,Redmi,12,152,17328
Kolkata,MobilePlanet,Oppo,1,124,17980
Kolkata,MobilePlanet,Oppo,2,102,14178
Kolkata,MobilePlanet,Oppo,3,126,21546
Kolkata,MobilePlanet,Oppo,4,164,20336
Kolkata,MobilePlanet,Oppo,5,87,16182
Kolkata,MobilePlanet,Oppo,6,150,26250
Kolkata,MobilePlanet,Oppo,7,151,15100
Kolkata,MobilePlanet,Oppo,8,65,7605
Kolkata,MobilePlanet,Oppo,9,198,35442
Kolkata,MobilePlanet,Oppo,10,180,23940
Kolkata,MobilePlanet,Oppo,11,195,25935
Kolkata,MobilePlanet,Oppo,12,125,24375
Kolkata,MobileGarage,Oneplus,1,74,7622
Kolkata,MobileGarage,Oneplus,2,198,26136
Kolkata,MobileGarage,Oneplus,3,97,17751
Kolkata,MobileGarage,Oneplus,4,145,20590
Kolkata,MobileGarage,Oneplus,5,160,21280
Kolkata,MobileGarage,Oneplus,6,156,18720
Kolkata,MobileGarage,Oneplus,7,135,24975
Kolkata,MobileGarage,Oneplus,8,91,13559
Kolkata,MobileGarage,Oneplus,9,63,8316
Kolkata,MobileGarage,Oneplus,10,135,24165
Kolkata,MobileGarage,Oneplus,11,107,16050
Kolkata,MobileGarage,Oneplus,12,183,25437
Kolkata,MobileGarage,Samsung,1,100,13700
Kolkata,MobileGarage,Samsung,2,162,21708
Kolkata,MobileGarage,Samsung,3,79,11297
Kolkata,MobileGarage,Samsung,4,163,29503
Kolkata,MobileGarage,Samsung,5,102,11016
Kolkata,MobileGarage,Samsung,6,82,10824
Kolkata,MobileGarage,Samsung,7,107,19474
Kolkata,MobileGarage,Samsung,8,60,6600
Kolkata,MobileGarage,Samsung,9,181,20634
Kolkata,MobileGarage,Samsung,10,123,18450
Kolkata,MobileGarage,Samsung,11,58,6032
Kolkata,MobileGarage,Samsung,12,129,23478
Kolkata,MobileGarage,Apple,1,88,11704
Kolkata,MobileGarage,Apple,2,125,24750
Kolkata,MobileGarage,Apple,3,68,12308
Kolkata,MobileGarage,Apple,4,54,9990
Kolkata,MobileGarage,Apple,5,155,21545
Kolkata,MobileGarage,Apple,6,158,16432
Kolkata,MobileGarage,Apple,7,177,33276
Kolkata,MobileGarage,Apple,8,197,24231
Kolkata,MobileGarage,Apple,9,91,10010
Kolkata,MobileGarage,Apple,10,176,21296
Kolkata,MobileGarage,Apple,11,186,22878
Kolkata,MobileGarage,Apple,12,149,26671
Kolkata,MobileGarage,Redmi,1,120,19080
Kolkata,MobileGarage,Redmi,2,96,9696
Kolkata,MobileGarage,Redmi,3,102,18258
Kolkata,MobileGarage,Redmi,4,102,15606
Kolkata,MobileGarage,Redmi,5,119,12257
Kolkata,MobileGarage,Redmi,6,115,17595
Kolkata,MobileGarage,Redmi,7,167,16700
Kolkata,MobileGarage,Redmi,8,154,30646
Kolkata,MobileGarage,Redmi,9,85,9350
Kolkata,MobileGarage,Redmi,10,58,10556
Kolkata,MobileGarage,Redmi,11,138,25944
Kolkata,MobileGarage,Redmi,12,108,20196
Kolkata,MobileGarage,Oppo,1,194,21340
Kolkata,MobileGarage,Oppo,2,181,26064
Kolkata,MobileGarage,Oppo,3,112,20272
Kolkata,MobileGarage,Oppo,4,121,23595
Kolkata,MobileGarage,Oppo,5,85,11560
Kolkata,MobileGarage,Oppo,6,163,25591
Kolkata,MobileGarage,Oppo,7,66,8184
Kolkata,MobileGarage,Oppo,8,162,20736
Kolkata,MobileGarage,Oppo,9,116,12064
Kolkata,MobileGarage,Oppo,10,78,12402
Kolkata,MobileGarage,Oppo,11,131,15851
Kolkata,MobileGarage,Oppo,12,104,14768
Chennai,MobileX,Oneplus,1,183,32574
Chennai,MobileX,Oneplus,2,91,16471
Chennai,MobileX,Oneplus,3,74,11840
Chennai,MobileX,Oneplus,4,55,10890
Chennai,MobileX,Oneplus,5,197,20094
Chennai,MobileX,Oneplus,6,131,19257
Chennai,MobileX,Oneplus,7,80,10400
Chennai,MobileX,Oneplus,8,81,10449
Chennai,MobileX,Oneplus,9,190,30970
Chennai,MobileX,Oneplus,10,191,32088
Chennai,MobileX,Oneplus,11,55,9790
Chennai,MobileX,Oneplus,12,181,30046
Chennai,MobileX,Samsung,1,124,21948
Chennai,MobileX,Samsung,2,184,22080
Chennai,MobileX,Samsung,3,59,10030
Chennai,MobileX,Samsung,4,131,17685
Chennai,MobileX,Samsung,5,70,13090
Chennai,MobileX,Samsung,6,153,19125
Chennai,MobileX,Samsung,7,171,19152
Chennai,MobileX,Samsung,8,92,17112
Chennai,MobileX,Samsung,9,136,17816
Chennai,MobileX,Samsung,10,145,17400
Chennai,MobileX,Samsung,11,116,11600
Chennai,MobileX,Samsung,12,55,6985
Chennai,MobileX,Apple,1,142,19028
Chennai,MobileX,Apple,2,88,15928
Chennai,MobileX,Apple,3,57,6555
Chennai,MobileX,Apple,4,156,26052
Chennai,MobileX,Apple,5,109,17113
Chennai,MobileX,Apple,6,95,12540
Chennai,MobileX,Apple,7,82,13120
Chennai,MobileX,Apple,8,180,27000
Chennai,MobileX,Apple,9,69,7797
Chennai,MobileX,Apple,10,192,19584
Chennai,MobileX,Apple,11,60,8340
Chennai,MobileX,Apple,12,62,8618
Chennai,MobileX,Redmi,1,123,16851
Chennai,MobileX,Redmi,2,198,28116
Chennai,MobileX,Redmi,3,119,20825
Chennai,MobileX,Redmi,4,145,15080
Chennai,MobileX,Redmi,5,187,18700
Chennai,MobileX,Redmi,6,123,21033
Chennai,MobileX,Redmi,7,140,20720
Chennai,MobileX,Redmi,8,77,11242
Chennai,MobileX,Redmi,9,172,28380
Chennai,MobileX,Redmi,10,161,28336
Chennai,MobileX,Redmi,11,87,12876
Chennai,MobileX,Redmi,12,153,18054
Chennai,MobileX,Oppo,1,115,21505
Chennai,MobileX,Oppo,2,157,24021
Chennai,MobileX,Oppo,3,93,14880
Chennai,MobileX,Oppo,4,91,17381
Chennai,MobileX,Oppo,5,138,23874
Chennai,MobileX,Oppo,6,78,12636
Chennai,MobileX,Oppo,7,93,11346
Chennai,MobileX,Oppo,8,88,16544
Chennai,MobileX,Oppo,9,135,19440
Chennai,MobileX,Oppo,10,70,9800
Chennai,MobileX,Oppo,11,178,26522
Chennai,MobileX,Oppo,12,158,22910
Chennai,Mobite,Oneplus,1,138,24288
Chennai,Mobite,Oneplus,2,109,18203
Chennai,Mobite,Oneplus,3,68,10268
Chennai,Mobite,Oneplus,4,86,13588
Chennai,Mobite,Oneplus,5,98,17542
Chennai,Mobite,Oneplus,6,68,11152
Chennai,Mobite,Oneplus,7,81,8586
Chennai,Mobite,Oneplus,8,78,11622
Chennai,Mobite,Oneplus,9,163,27058
Chennai,Mobite,Oneplus,10,107,12947
Chennai,Mobite,Oneplus,11,61,8540
Chennai,Mobite,Oneplus,12,189,32697
Chennai,Mobite,Samsung,1,139,14595
Chennai,Mobite,Samsung,2,128,19072
Chennai,Mobite,Samsung,3,196,24500
Chennai,Mobite,Samsung,4,120,13920
Chennai,Mobite,Samsung,5,88,11176
Chennai,Mobite,Samsung,6,129,20253
Chennai,Mobite,Samsung,7,90,11610
Chennai,Mobite,Samsung,8,190,35720
Chennai,Mobite,Samsung,9,94,17014
Chennai,Mobite,Samsung,10,184,24656
Chennai,Mobite,Samsung,11,119,17374
Chennai,Mobite,Samsung,12,105,15330
Chennai,Mobite,Apple,1,173,30102
Chennai,Mobite,Apple,2,159,26076
Chennai,Mobite,Apple,3,99,10098
Chennai,Mobite,Apple,4,116,21344
Chennai,Mobite,Apple,5,71,11360
Chennai,Mobite,Apple,6,86,16856
Chennai,Mobite,Apple,7,157,18369
Chennai,Mobite,Apple,8,107,16585
Chennai,Mobite,Apple,9,191,24448
Chennai,Mobite,Apple,10,73,7519
Chennai,Mobite,Apple,11,147,26460
Chennai,Mobite,Apple,12,128,22912
Chennai,Mobite,Redmi,1,131,18995
Chennai,Mobite,Redmi,2,173,25431
Chennai,Mobite,Redmi,3,126,22932
Chennai,Mobite,Redmi,4,72,12744
Chennai,Mobite,Redmi,5,180,34380
Chennai,Mobite,Redmi,6,68,12172
Chennai,Mobite,Redmi,7,67,11993
Chennai,Mobite,Redmi,8,80,12160
Chennai,Mobite,Redmi,9,174,30276
Chennai,Mobite,Redmi,10,121,20328
Chennai,Mobite,Redmi,11,195,24960
Chennai,Mobite,Redmi,12,83,13529
Chennai,Mobite,Oppo,1,85,10795
Chennai,Mobite,Oppo,2,112,22064
Chennai,Mobite,Oppo,3,108,13284
Chennai,Mobite,Oppo,4,89,16020
Chennai,Mobite,Oppo,5,77,15169
Chennai,Mobite,Oppo,6,157,21666
Chennai,Mobite,Oppo,7,152,29944
Chennai,Mobite,Oppo,8,192,35712
Chennai,Mobite,Oppo,9,198,21978
Chennai,Mobite,Oppo,10,96,9792
Chennai,Mobite,Oppo,11,158,23858
Chennai,Mobite,Oppo,12,141,23547
Chennai,MobilePlanet,Oneplus,1,92,11132
Chennai,MobilePlanet,Oneplus,2,95,11305
Chennai,MobilePlanet,Oneplus,3,141,15792
Chennai,MobilePlanet,Oneplus,4,88,16808
Chennai,MobilePlanet,Oneplus,5,126,12726
Chennai,MobilePlanet,Oneplus,6,71,10650
Chennai,MobilePlanet,Oneplus,7,79,13825
Chennai,MobilePlanet,Oneplus,8,170,29410
Chennai,MobilePlanet,Oneplus,9,117,16497
Chennai,MobilePlanet,Oneplus,10,111,17094
Chennai,MobilePlanet,Oneplus,11,91,12558
Chennai,MobilePlanet,Oneplus,12,93,10416
Chennai,MobilePlanet,Samsung,1,63,8316
Chennai,MobilePlanet,Samsung,2,103,11021
Chennai,MobilePlanet,Samsung,3,100,11600
Chennai,MobilePlanet,Samsung,4,103,12360
Chennai,MobilePlanet,Samsung,5,130,25870
Chennai,MobilePlanet,Samsung,6,153,16677
Chennai,MobilePlanet,Samsung,7,58,8178
Chennai,MobilePlanet,Samsung,8,132,18084
Chennai,MobilePlanet,Samsung,9,191,27886
Chennai,MobilePlanet,Samsung,10,65,12415
Chennai,MobilePlanet,Samsung,11,82,15334
Chennai,MobilePlanet,Samsung,12,79,8216
Chennai,MobilePlanet,Apple,1,146,16352
Chennai,MobilePlanet,Apple,2,54,6534
Chennai,MobilePlanet,Apple,3,112,14448
Chennai,MobilePlanet,Apple,4,58,7424
Chennai,MobilePlanet,Apple,5,97,11155
Chennai,MobilePlanet,Apple,6,193,23160
Chennai,MobilePlanet,Apple,7,154,25872
Chennai,MobilePlanet,Apple,8,150,27750
Chennai,MobilePlanet,Apple,9,138,18354
Chennai,MobilePlanet,Apple,10,119,20706
Chennai,MobilePlanet,Apple,11,74,12654
Chennai,MobilePlanet,Apple,12,108,12744
Chennai,MobilePlanet,Redmi,1,152,21128
Chennai,MobilePlanet,Redmi,2,128,22912
Chennai,MobilePlanet,Redmi,3,104,12896
Chennai,MobilePlanet,Redmi,4,184,31280
Chennai,MobilePlanet,Redmi,5,55,7315
Chennai,MobilePlanet,Redmi,6,81,16038
Chennai,MobilePlanet,Redmi,7,170,30940
Chennai,MobilePlanet,Redmi,8,174,19488
Chennai,MobilePlanet,Redmi,9,67,10988
Chennai,MobilePlanet,Redmi,10,91,14378
Chennai,MobilePlanet,Redmi,11,98,14406
Chennai,MobilePlanet,Redmi,12,115,16560
Chennai,MobilePlanet,Oppo,1,105,19845
Chennai,MobilePlanet,Oppo,2,95,9975
Chennai,MobilePlanet,Oppo,3,192,29952
Chennai,MobilePlanet,Oppo,4,74,9694
Chennai,MobilePlanet,Oppo,5,99,12573
Chennai,MobilePlanet,Oppo,6,162,18306
Chennai,MobilePlanet,Oppo,7,139,16402
Chennai,MobilePlanet,Oppo,8,141,27495
Chennai,MobilePlanet,Oppo,9,155,28520
Chennai,MobilePlanet,Oppo,10,114,13224
Chennai,MobilePlanet,Oppo,11,148,17612
Chennai,MobilePlanet,Oppo,12,167,27722
Chennai,MobileGarage,Oneplus,1,102,15810
Chennai,MobileGarage,Oneplus,2,157,28888
Chennai,MobileGarage,Oneplus,3,146,16352
Chennai,MobileGarage,Oneplus,4,96,10464
Chennai,MobileGarage,Oneplus,5,59,11151
Chennai,MobileGarage,Oneplus,6,159,22896
Chennai,MobileGarage,Oneplus,7,80,8720
Chennai,MobileGarage,Oneplus,8,170,26690
Chennai,MobileGarage,Oneplus,9,183,32391
Chennai,MobileGarage,Oneplus,10,193,24125
Chennai,MobileGarage,Oneplus,11,74,13468
Chennai,MobileGarage,Oneplus,12,131,14017
Chennai,MobileGarage,Samsung,1,168,27384
Chennai,MobileGarage,Samsung,2,62,7936
Chennai,MobileGarage,Samsung,3,156,20124
Chennai,MobileGarage,Samsung,4,71,11076
Chennai,MobileGarage,Samsung,5,109,20165
Chennai,MobileGarage,Samsung,6,159,30528
Chennai,MobileGarage,Samsung,7,168,25200
Chennai,MobileGarage,Samsung,8,195,35490
Chennai,MobileGarage,Samsung,9,183,19398
Chennai,MobileGarage,Samsung,10,163,21027
Chennai,MobileGarage,Samsung,11,121,16819
Chennai,MobileGarage,Samsung,12,196,29988
Chennai,MobileGarage,Apple,1,180,34740
Chennai,MobileGarage,Apple,2,190,37430
Chennai,MobileGarage,Apple,3,101,19998
Chennai,MobileGarage,Apple,4,172,32336
Chennai,MobileGarage,Apple,5,53,9434
Chennai,MobileGarage,Apple,6,56,9800
Chennai,MobileGarage,Apple,7,185,18870
Chennai,MobileGarage,Apple,8,123,13899
Chennai,MobileGarage,Apple,9,152,27968
Chennai,MobileGarage,Apple,10,154,29414
Chennai,MobileGarage,Apple,11,164,18532
Chennai,MobileGarage,Apple,12,133,22344
Chennai,MobileGarage,Redmi,1,153,29223
Chennai,MobileGarage,Redmi,2,117,16731
Chennai,MobileGarage,Redmi,3,173,31486
Chennai,MobileGarage,Redmi,4,136,19312
Chennai,MobileGarage,Redmi,5,73,14235
Chennai,MobileGarage,Redmi,6,184,33120
Chennai,MobileGarage,Redmi,7,178,31328
Chennai,MobileGarage,Redmi,8,162,22842
Chennai,MobileGarage,Redmi,9,167,25551
Chennai,MobileGarage,Redmi,10,61,11163
Chennai,MobileGarage,Redmi,11,115,16100
Chennai,MobileGarage,Redmi,12,90,10980
Chennai,MobileGarage,Oppo,1,189,20790
Chennai,MobileGarage,Oppo,2,142,19170
Chennai,MobileGarage,Oppo,3,190,37620
Chennai,MobileGarage,Oppo,4,139,25993
Chennai,MobileGarage,Oppo,5,90,15480
Chennai,MobileGarage,Oppo,6,101,16261
Chennai,MobileGarage,Oppo,7,75,13200
Chennai,MobileGarage,Oppo,8,150,22050
Chennai,MobileGarage,Oppo,9,73,11461
Chennai,MobileGarage,Oppo,10,147,26607
Chennai,MobileGarage,Oppo,11,110,12320
Chennai,MobileGarage,Oppo,12,99,18909
